﻿"Cube Title","Product Id","CANSIM Id",URL,"Cube Notes","Archive Status",Frequency,"Start Reference Period","End Reference Period","Total number of dimensions"
"Canada's official international reserves, millions of United States dollars, Bank of Canada, monthly",10100127,176-0051,"https://www150.statcan.gc.ca/t1/tbl1/en/tv.action?pid=1010012701",,"CURRENT - a cube available to the public and that is current",Monthly,1951-01-01,2019-06-01,2

"Dimension ID","Dimension name","Dimension Notes","Dimension Definitions"
1,Geography,,
2,"Type of reserve",,

"Dimension ID","Member Name","Classification Code","Member ID","Parent Member ID",Terminated,"Member Notes","Member Definitions"
1,Canada,[11124],1,,,,
2,"Total, Canada's official international reserves",,1,,,,
2,"Convertible foreign currencies, United States dollars",,2,1,,,
2,"Convertible foreign currencies, other than United States",,3,1,,,
2,Gold,,4,1,,,
2,"Special drawing rights",,5,1,,,
2,"Reserve position in the International Monetary Fund (IMF)",,6,1,,,

Symbol Legend
Description,Symbol
"not available for a specific reference period",..
"less than the limit of detection",<LOD
"value rounded to 0 (zero) where there is a meaningful distinction between true zero and the value that was rounded",0s
"data quality: excellent",A
"data quality: very good",B
"data quality: good",C
"data quality: acceptable",D
"use with caution",E
"too unreliable to be published.",F
"not applicable",...
preliminary,p
revised,r
"suppressed to meet the confidentiality requirements of the Statistics Act",x
terminated,t

"Survey Code","Survey Name"
7502,"Bank of Canada"

"Subject Code","Subject Name"
10,Government

"Note ID",Note

"Correction ID","Correction Date","Correction Note"

